security,reason,comments
300269.SZSE, 财务造假,联建光电
600267.SSE, 财务造假,海正药业
600598.SSE, 财务造假,北大荒
002763.SZSE, 董事长内幕交易，监管部门公开谴责,汇洁股份
300117.SZSE, 财务造假，监管部门公开谴责,嘉寓股份
601519.SSE, 利润跨期调整,大智慧
000691.SZSE, 虚增收入,亚太实业
000922.SZSE, 财务造假,佳电股份
601777.SSE, 虚增利润，大股东质押85%，主业亏损，2017年利润由房地产价值变动支撑,力帆股份
002574.SZSE, 跨行业并购失败，毛利润很低,明牌珠宝
300267.SZSE, 财务造假,尔康制药
000636.SZSE, 财务造假，立案调查,风华高科
300056.SZSE, 财务猫腻，年报无法表示意见,三维丝
300043.SZSE, 乱搞并购，虚增利润,星辉娱乐
601808.SSE, 16年大幅资产减值，净利暴跌114亿，现金流持续下滑,中海油服
000933.SZSE, 16年大幅资产减值，净利暴跌10亿,神火股份
600397.SSE, 16年大幅资产减值，净利暴跌20亿,安源煤业
601106.SSE, 16年大幅资产减值，净利暴跌57亿,st一重
600121.SSE, 16年大幅资产减值，净利暴跌5亿,郑州煤电
601558.SSE, 寅吃卯粮，提前确认收入，16年大幅资产减值，净利暴跌24亿,华锐风电
002180.SZSE, 16年跨国并购，年年并购巨额商誉,纳思达
002181.SZSE, 并购对象造假破产,粤传媒
600165.SSE, 经营现金流持续为负，并购不利，商誉巨额减值,新日恒力
002312.SZSE, 并购不利，商誉巨额减值，现金流持续为负，苟延残喘,三泰控股
600594.SSE, 商誉虚值该减不减,益佰制药
603169.SSE, 无优质资产，经营现金流非常差，靠融资续命,兰石重装
002333.SZSE, 铝型材的生产销售，行业竞争加剧，上市八年主营无增长，连续三年扣非净利润亏损，经营现金流持续为负,罗普金斯
300362.SZSE, 近年负债率持续攀升，高负债经营，亏损严重，现金流严重不足，控股股东存在非经营性资金占用，到期债务未能偿还,天翔环境
002464.SZSE, 商誉占比总资产超60%,众应互联
002759.SZSE, 商誉占比总资产超60%,天际股份
002188.SZSE, 商誉占比总资产超60%,巴士在线
000971.SZSE, 商誉占比总资产超60%，大股东全部质押，质押套现20亿用于偿还债务,高升控股
002354.SZSE, 商誉66亿，占比总资产超60%，现金流很差,天神娱乐
600721.SSE, 商誉占比总资产超60%,百花村
002247.SZSE, 商誉占比总资产超60%,帝龙文化
002113.SZSE, 商誉占比总资产超60%,天润数娱
000662.SZSE, 商誉占比总资产超60%,天夏智慧
002619.SZSE, 商誉占比总资产超60%,艾格拉斯
300143.SZSE, 商誉占比总资产超60%,星普医科
300299.SZSE, 商誉占比总资产超60%,富春股份
600242.SSE, 商誉占比总资产超60%,中昌数据
000976.SZSE, 商誉占比总资产超60%,华铁股份
000526.SZSE, 商誉占比净资产超100%,st紫学
002072.SZSE, 商誉占比净资产超100%,凯瑞德
000835.SZSE, 商誉占比净资产超100%,长城动漫
600898.SSE, 商誉占比净资产超100%,国美通讯
600682.SSE, 商誉占比净资产超100%,南京新百
002071.SZSE, 商誉占比净资产超100%,长城影视
002647.SZSE, 商誉占比净资产超100%,仁东控股
002437.SZSE, 商誉占比净资产超100%，36亿减值风险，控股股东质押爆仓，十大股东一半信托，研发人数下降，研发资本化率上升,誉衡药业
000697.SZSE, 商誉占比净资产超100%,炼石有色
603518.SSE, 商誉占比净资产超100%,维格娜丝
002384.SZSE, 商誉不断增大，利润不断下滑,东山精密
600525.SSE, 商誉不断增大，利润不断下滑,长园集团
600011.SSE, 商誉不断增大，利润不断下滑,华能国际
002102.SZSE, 商誉不断增大，利润不断下滑，隐瞒高利贷，关联担保输送利益，减持套现9亿，上市第四年开始扣非净利润连续7年为负，以转型为主业,冠福股份
600751.SSE, 商誉在增加，大股东减持5%以上,海航科技
600699.SSE, 商誉在增加，大股东减持5%以上,均胜电子
600094.SSE, 商誉在增加，大股东减持5%以上,大名城
300148.SZSE, 商誉在增加，大股东减持5%以上,天舟文化
600157.SSE, 商誉在增加，大股东减持5%以上,永泰能源
002434.SZSE, 商誉在增加，大股东减持5%以上,万里扬
300008.SZSE, 商誉在增加，大股东减持5%以上,天海防务
600654.SSE, 商誉在增加，大股东减持5%以上,st中安
002491.SZSE, 商誉在增加，大股东减持5%以上,通鼎互联
002342.SZSE, 各种减持，业绩下滑,巨力索具
300702.SZSE, 欧洲药管局称生产的药物含有致癌物,天宇股份
600074.SSE, 财务造假，现金流一直为负,保千里
002490.SZSE, 套路减持，财务造假，监管处罚,山东墨龙
000798.SZSE, 并购猫腻，巨额亏损,中水渔业
600710.SSE, 主业亏损，财务猫腻,苏美达
600812.SSE, 主业亏损，财务猫腻,华北制药
300255.SZSE, 大股东套路减持,常山药业
300072.SZSE, 财务有问题，经营现金流为负,三聚环保
300137.SZSE, 管理混乱，临汾环保事件，3500万收购零收入公司涉嫌利益输送,先河环保
000042.SZSE, 会计变更，利润虚增，大股东全部质押,中洲控股
601717.SSE, 13年会计变更，调整应收账款计提比例，虚增利润,郑煤机
600532.SSE, 信托扎堆,宏达矿业
600654.SSE, 提前变更计提比例，为16年储备大的净利润,中安消
000898.SZSE, 调整固定资产折旧，虚增利润几十亿,鞍钢股份
600010.SSE, 调整固定资产折旧，虚增利润几十亿,包钢股份
600804.SSE, 业绩增长疲软，大幅调减折旧，高管半年内集体减持,鹏博士
600983.SSE, 重大会计差错，高管频繁调整,惠而浦
002715.SZSE, 财务造假，监管处罚,登云股份
300208.SZSE, 财务造假，金额巨大，监管处罚,恒顺众昇
300431.SZSE, 公司经营持续失血，极度困难,暴风集团
600418.SSE, 有雷,江淮汽车
002113.SZSE, 重组有猫腻，进展逾期被监管通报,天润数娱
002384.SZSE, 和暴风关联很大，巨额应收款,东山精密
002426.SZSE, 牛猫有过预警,胜利精密
002684.SZSE, 主业持续下滑，信托贷款违约，反复业绩修正，控股股东全部质押，控股股东资不抵债，所持股份被轮候冻结；,猛狮科技
002667.SZSE, 地处辽宁，虚增收入，忽悠式重组,鞍重股份
600250.SSE, 南京国企，出口退税，虚增利润,南纺股份
600807.SSE, 无法审计，立案调查，质押违约，担保违规，借款纠纷,天业股份
002306.SZSE, 违规确认收入,中科云网
600281.SSE, 山西国企，虚构贸易，虚增收入，年年亏损,太化股份
002569.SZSE, 虚构银行存款，虚增资产,步森股份
600155.SSE, 虚减银行存款，账外账,华创阳安
600598.SSE, 阴阳合同，存货跌价巨额计提,北大荒
600076.SSE, 虚减所有者权益，关联交易,康欣新材
300277.SZSE, 虚构应收账款收回，大股东垫资,海联讯
300268.SZSE, 财务造假,佳沃股份
002323.SZSE, 虚构海外客户，虚构海外资金循环,雅百特
000972.SZSE, 设立空壳公司，虚构购销业务,新中基
600575.SSE, 动产差额回购，大宗产业融资托盘,皖江物流
002769.SZSE, 业绩一般，股东减持,普路通
002252.SZSE, 收入下滑，高商誉爱炒股,上海莱士
603168.SSE, 产品无药效，受到广泛质疑,莎普爱思
002076.SZSE, 管理混乱，预盈变亏损，现金流持续为负，各种并购,雪莱特
603355.SSE, 套路大减持,莱克电气
603777.SSE, 财务混乱，2000万应收款去向成迷；,来伊份
000732.SZSE, 大股东质押率达97%，经营现金流负,泰禾集团
600225.SSE, 大股东质押98%，经营现金流负,天津松江
002721.SZSE, 大股东质押84%，扣非净利润下滑严重，经营现金流负，高并购，高商誉，高负债,金一文化
600759.SSE, 乱并购，乱投资，扣非利润连亏五年,洲际油气
600399.SSE, 虚增资产，立案调查,抚顺特钢
300156.SZSE, 虚增收入,神雾环保
000820.SZSE, 虚增收入,神雾节能
002011.SZSE, 重组失败，控股股东全部质押，现金流很差,盾安环境
002226.SZSE, 重组失败，控股股东全部质押，现金流很差,江南化工
002366.SZSE, 关联交易，虚增收入,台海核电
000422.SZSE, 连续大亏损,湖北宜化
000707.SZSE, 连续大亏损,双环科技
002069.SZSE, 财务造假,獐子岛
603988.SSE, 净利下滑，家族集中持股，连续送转，套路减持,中电电机
002089.SZSE, 不务正业，资本运作，开始亏损,新海宜
300166.SZSE, 创业板白马股，但大股东质押比例77%及60%，业绩开始下滑,东方国信
600079.SSE, 境外巨资收购标的业务下滑严重，经营现金流持续为负，商誉资产65亿，计提风险很大,人福医药
600880.SSE, 主业亏损，2017年利润由房地产价值变动支撑,博瑞传播
002162.SZSE, 主业亏损，2017年利润由房地产价值变动支撑,悦心健康
000806.SZSE, 10年扣非净利润亏损，十年前虚增收入，隐瞒关联交易，主业亏损，2017年利润由房地产价值变动支撑,银河生物
600112.SSE, 近6年扣非净利润亏损,天成控股
601012.SSE, 重资产重周期，受政策影响很大,隆基股份
600887.SSE, 跨省追捕，劣迹斑斑，是非不断,伊利股份
300426.SZSE, 演员各种踩雷,唐德影视
600207.SSE, 连续亏损,安彩高科
600100.SSE, 连续亏损,同方股份
300663.SZSE, 连续亏损,科蓝软件
002231.SZSE, 连续亏损,奥维通信
000545.SZSE, 跨界高溢价巨资55亿并购不良资产,金浦钛业
002477.SZSE, 严重造假；,雏鹰农牧
002164.SZSE, 子公司合同诈骗事件致亏损30亿,宁波东力
002431.SZSE, 现金流持续为负，还巨额收购,棕榈股份
000662.SZSE, 大股东质押爆仓,天夏智慧
002002.SZSE, 大股东质押爆仓,鸿达兴业
000980.SZSE, 65亿商誉，经营下滑，未完成业绩承诺，商誉有减值风险，业务发展远低于预期,众泰汽车
000518.SZSE, 25年重组专业户，频繁变换大股东，大股东全部质押,四环生物
002147.SZSE, 捏造23亿扣非净利润,新光圆成
603389.SSE, 16年底上市，18年上半年营收下滑，净利润开始亏损，为近八年首次，近九成子公司亏损,亚振家居
002131.SZSE, 业务混乱，虚增收入，董事长内幕交易，23亿收购微信公众号，经营现金流持续为负,利欧股份
300266.SZSE, 政府生意，现金流持续为负，债务高企，高比例质押,兴源环境
000673.SZSE, 现金流持续为负+高比例质押+连环并购,当代东方
000576.SZSE, 玩壳七载，主业频变，净利润持续及经营现金流持续为负，回款慢，行业话语权很弱,广东甘化
002621.SZSE, 并购形成较大金额商誉,三垒股份
600290.SSE, 股东信托扎堆，公司财务耍猫腻，16年前三季度公司盈利3000万，17年4月公告16年亏损4700万，而且公司未按照上交所规定提前进行业绩变动预告,华仪电气
603032.SSE, 信托扎堆，一上市业绩就变脸，营收净利润都大幅下滑，实控人温州大佬胡成中，也是广东甘化控制人，减持套现,德新交运
600614.SSE, 公司及实控人涉及借款纠纷68件，银行账户被冻结还公告不清楚具体原因，不动产被查封，违规担保，发不出工资，股份被冻结，忽悠式增持,鹏起科技
600256.SSE, 商誉过百亿,广汇能源
603568.SSE, 有问题，毛利比行业偏高，会计动手脚,伟明环保
600868.SSE, 长期没有实际控制人，散户持有，董监高制定薪酬漏洞掏空上市公司,梅雁吉祥
002617.SZSE, 新能源及光伏行业，并购标的猫腻太明显，近两年经营现金流为负，负债率攀升，长短期借款均大幅走高，公司有10亿资产涉及抵押质押及冻结，实控人股份全数质押,露笑科技
300676.SZSE, 业务有问题，没有核心技术,华大基因
000039.SZSE, 业务多元，难以预测，估值打折,中集集团
600226.SSE, 38亿收购微信公众号,瀚叶股份
600146.SSE, 不停并购重组，99年上市至今现金分红为0，扣非净利润连续亏损,商赢环球
002239.SZSE, 公司混乱，银行账户冻结，公司印章和法人章伪造，跨行业大额并购，财务猫腻，扣非净利润开始下滑,奥特佳
002143.SZSE, 品牌推广及影视行业，大股东套现24亿，质押套现10亿，目前股份被司法冻结（可能是故意的，避免被爆仓），另一位大股东套现10亿，利润都是假的，应收账款不断增加，超高租金租大股东房产,印纪传媒
002292.SZSE, 各种并购重组，规模大已失控，高商誉，实控人套现36亿,奥飞娱乐
600249.SSE, 主业萎靡，多元化失败，连连亏损,两面针
002571.SZSE, 扣非净利润持续为负，并购财务造假,德力股份
300364.SZSE, 集体减持，扣非净利润持续为负，商誉计提风险,中文在线
002445.SZSE, 违规担保，实控人违规占用上市公司资金，频繁并购，业绩变脸，商誉计提风险较高,中南文化
002576.SZSE, 主业萎靡，净利开始亏损，各种卖壳失败,通达动力
600240.SSE, 公司制度不完善，风控体系不健全，转型医疗健康却被被二股东掏空100亿,华业资本
600666.SSE, 关联交易，虚增收入,奥瑞德
002118.SZSE, 连续财务造假,紫鑫药业
002512.SZSE, 并购标的皆奇葩，大股东疯狂套现38亿，高管更迭频繁，经营现金流一直为负，应收账款和预付账款历年递增，对外不断投钱，标准骗子公司,达华智能
002602.SZSE, 71亿高商誉，业绩由并购驱动，游戏业务受监管影响,世纪华通
000018.SZSE, 债务逾期，大股东全部质押且被司法冻结，在柬埔寨项目风险大，虚假工程，大笔预付款流向大股东关联方,神州长城
300116.SZSE, 2017年巨亏37.3亿，控股股东所持股份被司法冻结,坚瑞沃能
600518.SSE, 四度卷入贪腐案件，货币资金有猫腻，存货有猫腻，大股东全部质押,康美药业
000802.SZSE, 上市20年至2010年时扣非累计亏损1.72亿元，各种打监管擦边球资本运作不务正业，近十亿购买空壳公司，大股东套现近十亿,北京文化
300027.SZSE, 各种资本运作输送利益，高商誉，股东减持，盈利很差,华谊兄弟
002442.SZSE, 大股东全部质押，控股股东累计套现20多亿，无心主业，想搞资本运作,龙星化工
300106.SZSE, 外延并购，子公司经营不善，上市以来利润持续下滑，16年17年18年上半年持续亏损，企业管理不行，流动负债逐年增加,西部牧业
002735.SZSE, 经营业绩不断下滑，总想跨界并购，曾尝试蛇吞象,王子新材
300050.SZSE, 上市后业绩不断下滑，并购标的承诺期过后业绩立马跳水，频繁跨界乱并购,世纪鼎利
300688.SZSE, 控股股东限售解禁压线大比例减持，营收净利润不断放缓,创业黑马
002584.SZSE, 多起跨行业并购收效甚微，并购标的业绩非常惨淡，高管更迭频繁，大股东忙于减持及高比例质押,西陇科学
002413.SZSE, 每年常规动作，上市公司在收购，控股股东在减持，管理层在辞职，不时改名及出售原主营业务，10年至14年大股东减持19亿，而上市公司创利仅3亿，目前现金流很差，目前商誉达17亿，减值迹象明显，过度使用股权激励,雷科防务
000040.SZSE, 东旭系，宝安地产转光伏，主营业务发展暗淡，光伏投资容易烧钱，现金流差，净利润差，债务压力比较大，控股股东全部质押,东旭蓝天
000413.SZSE, 东旭系，大股东高比例质押，商誉28亿,东旭光电
002486.SZSE, 东旭系，大股东高比例质押,嘉麟杰
600771.SSE, 客户即股东，大股东侵占，虚增收入,广誉远
000793.SZSE, 97年上市至今3次更名，4次更换实控人，高溢价并购，结果并购子公司纷纷业绩变脸，15年商誉达到了28亿，17年商誉计提7亿损失，控股股东股份被司法冻结触及平仓线被动减持，深交所问询，公司忽悠式回答,华闻传媒
002519.SZSE, 机顶盒、智能机电和新能源汽车零部件，三大业务营收与利润下降，利润与现金流变动差异，募投项目变更，9亿并购业绩不达标，商誉减值，高管减持，,银河电子
002573.SZSE, 烟气治理，高度依赖国家政策，资本密集型，公司货币资金很少，经营现金流开始为负，利润开始下滑,清新环境
300004.SZSE, 公司实控人失联，所持股份触及平仓风险，大股东家族连续套现11.69亿，现金流奇差，扣非净利润大幅亏损，并购形成9.47亿高商誉，减值风险很大,南风股份
002700.SZSE, 主营及扣非净利润持续下滑，控股股东全部质押融资开发地产，前期拉涨翻倍是因为画了巨额并购重组大饼,新疆浩源
002740.SZSE, 珠宝设计销售，扣非净利润持续下滑，高管薪酬大幅提高，各种减持套现，不断尝试并购重组,爱迪尔
002751.SZSE, 扣非净利润暴跌，巧设子公司，避免亏损ST,易尚展示
300296.SZSE, 并购商誉27亿，业绩虽好但是净利润现金量含量很低，三分之二是纸面财富，存货巨大但是计提比例很低,利亚德
002418.SZSE, 上市后业绩不断下滑至亏损，之前并购重组利益输送套现4.8亿，之后想联合中植尝试并购重组利益输送,康盛股份
600371.SSE, 东北农业种子公司，业绩不稳定，现金流差，财报有猫腻，存货减值该减不减,万向德农
000533.SZSE, 董事长失联，主要控股子公司被查封，银行账户被冻结，业务无法开展，人去楼空,万家乐
000735.SZSE, 扣非净利润亏损，通过财技实现大幅盈利，大股东套路减持5亿元,罗牛山
300216.SZSE, 被深交所点名批评炒作股价，年报不能及时披露,千山药机
600649.SSE, 主业地产没搞好没赶上大行情成了鸡肋，靠各种股权投资来当业绩遮羞布,城投控股
300310.SZSE, 物联网加智慧医疗，债务危机，高溢价转型并购形成商誉7.5亿，结果标的公司问题重重而且业绩下滑严重,宜通世纪
002359.SZSE, 通讯配套行业，无线宽带物联，可视指挥，移动会议，乱重组还涉及境外诉讼，高商誉，债务逾期，股东爆仓司法冻结，上市8年利润持续下滑，超额担保,北讯集团
002240.SZSE, 上市以来经营不稳定，经常亏损，大股东利用并购重组套路减持近9亿，16年17董监高离职，套路重组变更实控人及主业，目前现金流很差,威华股份
002694.SZSE, 主营塑料管道研发生产销售，12年上市后扣非净利润大幅下滑，之后更换大股东，各种资本运作，目前扣非已是亏损，实控人涉嫌信批违规被证监会立案调查,顾地科技
300682.SZSE, 为国家电网及相关企业提供产品和服务，高度依赖客户。上市仅一年，净利就暴亏，经营现金流恶化，股权激励条件过于宽松，并购猫腻多,朗新科技
002183.SZSE, 财务不规范，16年遭深交所处罚,怡亚通
300526.SZSE, 扣非净利润15年后持续下滑，子公司多数亏损，18年业绩下滑厉害，开始酝酿资本运作，多个并购标的都是问题多多,中潜股份
000504.SZSE, 上市26年各种亏损各种保壳各种重组,南华生物
000659.SZSE, 96年上市，饮料包装瓶公司，亚洲第一，可口可乐百事可乐怡宝中粮都是其客户。大股东用心掏空上市公司加经营不善，经常亏损经常戴帽，为了摘帽涉嫌违反证券法律法规被证监会立案调查，各种财技搞利润，公司现金流很差，负债较多,珠海中富
000587.SZSE, 乱搞资本运作，卖出现金牛子公司，买入垃圾公司，审计各种问题，财务造假，巨额商誉,金洲慈航
300090.SZSE, 债务违约,盛运环保
600896.SSE, 11年以来扣非净利润持续亏损,览海投资
600566.SSE, 儿童药有问题,济川药业
002450.SZSE, 货币资金有问题,康得新
000519.SZSE, 虚增收入，虚增利润，被证监会通报,中兵红箭
002813.SZSE, 经营车载导航，营收下滑，经营现金流持续为负，毛利率急剧下降，净利润大幅亏损，靠短期借款支撑现金流,路畅科技
603056.SSE, 物流，增速下滑严重,德邦股份
600260.SSE, 2000年上市以来多次变换主业，客户与供应商相同，通过预付账款加存货模式虚增利润，现金流很差，在P2P平台融资，大股东全部质押,凯乐科技
002291.SZSE, 业绩大洗澡，虚增利润,星期六
000792.SZSE, 业绩大洗澡，虚增利润,盐湖股份
000939.SZSE, 虚增资产，关联交易，虚增利润,凯迪生态
002604.SZSE, 表外负债，并购两家互联网公司研发费用资本化，虚增利润,龙力生物
002509.SZSE, 关联交易，虚增收入,天广中茂
002018.SZSE, 关联交易，虚增收入,华信国际
000408.SZSE, 关联交易，虚增收入,藏格控股
600177.SSE, 可供出售金融资产变更为长期股权投资，虚增利润,雅戈尔
600485.SSE, 关联交易，虚增利润,信威集团
002473.SZSE, 为保壳虚增收入,圣莱达
300182.SZSE, 版权运营，内容制作，音视频技术，教育信息化，上市以来持续并购，母公司主业持续下滑至亏损，目前商誉55亿，并购标的精准完成业绩承诺后业绩开始下滑，公司目前高负债，货币资金很少,捷成股份
600754.SSE, 商誉115亿,锦江股份
002382.SZSE, 商誉65亿，占净资产83%,蓝帆医疗
600319.SSE, 主营化工产品，08年后一路亏损，9年9换董事长，占用资金，立案调查，各种乱七八糟的事情，债务逾期，各种减持,亚星化学
300238.SZSE, 各种题材，再生医学、免疫细胞、健康中国，原股东减持套现15亿，并购标的各种亏损,冠昊生物
002585.SZSE, 上市以来毛利净利持续走低，扣非净利润越来越少，并购标的各种套路，大股东各种套现,双星新材
000752.SZSE, 多次涉嫌信批违规，多次隐瞒关联交易，随意更改实际控制人，11.3亿萝卜章担保,西藏发展
002045.SZSE, 业绩变脸，不怀好心,国光电器
002420.SZSE, 业绩变脸，不怀好心,毅昌股份
002665.SZSE, 光热太阳能领域，17年完成40亿融资，结果发展缓慢，业绩变脸，大股东大比例质押面临平仓风险,首航节能
300392.SZSE, 互联网营销服务行业，业绩变脸，质押爆仓，实控人想转让，连续亏损，存款被冻结，行贿上市，各种折腾,腾信股份
300292.SZSE, 一上市业绩就大幅下滑，开始车轮并购，商誉16亿，10 转30打掩护，董监高25次减持套现20亿,吴通控股
603016.SSE, 一上市 就开始折腾资本运作，标的公司估值过高，扣非净利润无增长，经营现金流断崖式下跌，三四股东开始减持,新宏泰
600745.SSE, 上市20年，几经易主，几次更名，主业无定数，转型时时有，一直未成功，目前资产恶化，300亿并购猫腻太多,闻泰科技
000534.SZSE, 扣非净利润多年为负,万泽股份
603711.SSE, 奶茶，上市业绩开始变差，增收不增利，扣非净利润开始亏损,香飘飘
300442.SZSE, 股东创投公司较多，大比例减持，业绩较差,普丽盛
300256.SZSE, 生产亚克力手机防护屏(老式手机)，依赖诺基亚，业绩下滑，之后各种资本运作，标的公同业绩不达标，商誉较大，大股东全额质押，高管减持，号召员工持股,星星科技
600393.SSE, 广州地产，上市以来业绩- - 直比较差，控股股东外债逾期导致持股冻结，高质押，员工持股严重亏损,粤泰股份
600234.SSE, 历史大股东或被判刑或陷入债务危机，上市以来各种折腾，各种转型,山水文化
000526.SZSE, 商誉15.27亿，是净资产11倍,紫光学大
000803.SZSE, 房地产开发，商誉3亿，是净资产两倍，18 年前三季度亏损,金宇车城
000606.SZSE, 计算机应用，商誉42亿，是净资产1.3倍，占总资产70%,顺利办
002316.SZSE, 商誉8.6亿， 与净资产相当,亚联发展
603598.SSE, 商誉5.9亿，与净资产相当,引力传媒
300459.SZSE, 商誉63亿，与净资产相当,金科文化
600136.SSE, 影视行业，商誉37亿，与净资产相当,当代明诚
300071.SZSE, 营销传播，商誉8亿，与净资产相当,华谊嘉信
601919.SSE, 原中国远洋，商誉59亿，占净资产10%,中远海控
000981.SZSE, 房地产开发，商誉72亿，占净资产43%,银亿股份
002044.SZSE, 体检，营收亮眼是由于频繁外延并购，商誉46亿占净资产67%,美年健康
002373.SZSE, 商誉33亿，占净资产40%,千方科技
000540.SZSE, 房地产开发，商誉54亿,中天金融
603603.SSE, 股东投资公司较多，清仓式减持,博天环境
600576.SSE, 原万家文化,祥源文化
300312.SZSE, 股东创投公司较多，拟大比例减持，业绩较差,邦讯技术
300598.SZSE, 股东创投公司较多，大比例减持，业绩较差,诚迈科技
603990.SSE, 股东创投公司教多，大比例减持，业绩较差,麦迪科技
300167.SZSE, 股东创投公司较多，大比例减持，业绩较差,迪威迅
603987.SSE, 股东创投公司较多，大比例减持，业绩较差,康德莱
300608.SZSE, 股东创投公司较多，大比例减持，业绩较差,思特奇
300592.SZSE, 股东拟大比例减持，业绩较差,华凯创意
600129.SSE, 经常亏损，现金流持续为负,太极集团
300655.SZSE, 原始股东各种减持，业绩-一般,晶瑞股份
002708.SZSE, 汽车精密轴承，上市后业绩不断下滑，扣非净利润持续下滑，资本运作水份太大，大股东高比例质押，上市四年开始卖壳,光洋股份
300345.SZSE, 耐磨铸件产品，上市6年利润从未超越上市前，最终卖壳,红宇新材
002755.SZSE, 石油化工，上市前业绩不错，上市后几乎面临倒闭，上市三年即卖壳,东方新星
603838.SSE, 潮州陶瓷公司，15年上市至今各种折腾卖壳,四通股份
000995.SZSE, 财务造假，经常亏损。经常或帽，官司缠身，诉讼不断，退市边缘,皇台酒业
601258.SSE, 控股股东股权质押、冻结，卖资产断臂瘦身，上市以来投资活动现金流超百亿，扣非净利润经常为负,庞大集团
000571.SZSE, 公司主业乱七八糟，各种转型，各种问题,新大洲A
002264.SZSE, 福建商超零售，在商超上市公司中业绩指标垫底，主营不温不火，业绩连续五年亏损，一直在保壳边缘挣扎,新华都
002343.SZSE, 违规减持,慈文传媒
600695.SSE, -直卖地卖子公司卖股票，变卖资产保壳多年,绿庭投资
000622.SZSE, 主营汽车空调和金属材料贸易，主业连续亏损15年，其中经历了5次变更实控人、3次卖壳、多次重组失败,恒立实业
600209.SSE, 开酒店及酒店装修，近年来持续亏损，经营慘淡，退市边缘,罗顿发展
600891.SSE, 各种问题，铁帽子王,秋林集团
002872.SZSE, 多位高管接连出事，离职，刑事拘留等等,天圣制药
000611.SZSE, 经常亏损，现金流很差，各种折腾转型，全部失败,天首发展
002219.SZSE, 业绩较差，现金流较差，各种收购，负债较大，大股东高比例质押，目前股份已被冻结，管理层不稳定,恒康医疗
600139.SSE, 现金流变差,西部资源
002622.SZSE, 搞P2P被立案调查,融钰集团
300111.SZSE, 光伏行业，业绩亏损严重，上市三年业绩下滑严風，三年后限售解禁各种套路利好在股价大涨三倍后减持25亿，目前公司在折腾并购转型,向日葵
002501.SZSE, 高端装备，轨道车辆制造，业绩大变脸，先预测盈利后又亏损，定增项目实际投入远大f募集资金投入，实控人涉及债务纠纷，股份被冻结，公司部分银行账户被冻结，公司近三年偿债压力很大，财务费用巨大，近五年现金流持续为负,利源精制
300518.SZSE, 游戏软件开发，业绩变脸，财务数据异常，大股东全部质押，股东信托扎堆，减持套现，巨额溢价并购,盛讯达
002862.SZSE, 股东信托扎堆，这些信托和盛讯达一样,实丰文化
002356.SZSE, 业绩很差，股东有问题,赫美集团
002766.SZSE, 车载导航，15年上市，16 年重大资产重组，商誉5. 13亿，目前上市公司和大股东都深陷债务危机。扣非净利润开始亏损，现金流不断下滑，倡导员工增持,索菱股份
002147.SZSE, 07 年上市一直主业不振，原董监高全部减持，后高溢价重组转型房地产，18年继续高溢价重组转型，大股东全部质押，蹂躪会计准则，捏造23亿扣非利润,新光圆成
000567.SZSE, 94年上市，两次濒临退市，四次易主，目前再次迷茫，18年3月定增，大股东全部认购，结果7月份宜布大股东股份被司法冻结，目前大股东全部质押,海德股份
603030.SSE, 上海住宅装修，通过变更坏账计提，增加收入及利润，18年中报应收账款34亿，坏账准备仅2000万，公司收入确认不合理，存在较大的操纵空间,全筑股份
002657.SZSE, 金融软件开发，董监高不稳定各种减持，高溢价收购，标的公司业绩卡点变脸，商誉大减值导致巨号，喊口号式转型，人工智能大数据云服务区块链等，分步收购调节利润，大股东全部质押,中科金财
300086.SZSE, 儿童医药，高溢价收购涉嫌利益输送，各种收购进而败掉超募11亿资金，减持套现大额资金,康芝药业
002765.SZSE, 并购形成较大金额商誉,蓝黛传动
002005.SZSE, 小家电+LED， 其中小家电没有自己品牌，上市以来各种融资80亿，但经营始终惨淡，扣非净利润自12年开始连续亏损，目前偿债能力依旧不足，流动比率0.96,德豪润达
600405.SSE, 04年上市，通信电源及新能源汽车电源，公司现金流经常为负，现阶段可供企业自由支配的现金流仍是负值,动力源
600645.SSE, 细胞工程+基因工程，10年主业转型以来，净利润表现- -般，15年净利润一飞冲天，16 年缩水80%. 17 年直接为负，并购标的业绩承诺期-过就立马跳水，5. 36亿商誉有隐患，各种资本运作各种财技运作,中源协和
002840.SZSE, 信托扎堆,华统股份
300069.SZSE, 全国最大的玻璃绝缘子生产商(输电线路使用)，业务单一，上游是大宗商品，下游是国家电网公司，上下游都不讨好，缺乏议价能力，15 年尝试转型文化领域但没成功，实控人操纵公司股价被证监会立案调查,金利华电
600355.SSE, 最早是IC卡公用电话，后面又税控收款机、身份验证卡机、彩票销售终端等智能设备，再后又转型人工智能等，相比其他公司忽悠式转型,精伦电子
002337.SZSE, 汽车轮胎生产及检测设备行业，主业连亏三年，各种蹭风口并引发深交所关注，并购标的业绩不达标，商誉不断计提,赛象科技
300332.SZSE, 天然气管输，水处理烟气治理等环保板块，近五年公司增收不增利，各项指标下滑严重，18年前三季度开始亏损,天壕环境
000056.SZSE, 地产开发、物业管理、金融服务，10 年以来- 半年份净利润亏损，6年扣非利润亏损，13 年通过变更会计“创造”利润54亿以规避退市，旗F贷款业务减值准备严重不足，实控人股份大比例质押，目前公司现金流非常紧张，近年财务费用猛增,皇庭国际
603718.SSE, 动物疫苗研发生产，近五1年业务基本上原地踏步，17 年存货突然飙升，在疫苗保质明较短的情况下没有计提，主要客户猫腻较多，大笔投资的子公司营收持续为零连续暴亏，一边借债一边理财，募投项目屡次延期,海利生物
300297.SZSE, IT信息安全，12 年至17年业务高速发展、财务指标十分规图，但营收账款周转天数持续拉长，15年以来三次井购形成商誉13亿元，公司业绩主要靠三家井购公司维持，公司短期有息负债不断攀升，公司回复深交所说现金流足够但实际却很空，大股东高比例质押,蓝盾股份
000711.SZSE, 主业不断变换，目前是节水灌溉园林工程，一直 在搞各种资本运作，高价收购严重亏损企业涉嫌掏空上市公司，15 年财务大洗澡，各种资产减值，当年扣非亏损5.87亿16年再次高价收购有问题的公司，直接带来商誉10亿公司应收账款和存货不断激增，负债激增，18 年一季度严重亏损,京蓝科技
600487.SSE, 2017 年预付20亿给垃圾上市公间凯乐科技,亨通光电
300132.SZSE, 基础化工行业，24.3亿跨界并购化妆品贴牌生产企业，标的公司问题多多,青松股份
002377.SZSE, 沥青(过剩行业)及房地产，上市八年业绩平平利润惨淡，跨界收购海外油气最终亏本卖出，高溢价井购Q房网(12 年成立，15年年初仅值5000万，16 卖给上市公司),国创高新
002010.SZSE, 化工加物流，收益靠补助，增持无预期，清仓减持早准备，表面业绩还不错，实际盈利能力却是惨不忍睹,传化智联
002693.SZSE, 海南化学医药股，上市以来增收不增利，16 年以来扣非净利润开始亏损，研发投入低，产品单一，近15亿现金收购垃圾公司，几大股东持续套现减持,双成药业
603955.SSE, 生态景观规划建设，应收账款激增，现金流短缺，上市至今连续比个季度经营现金流为负,大千生态
600680.SSE, 主营连亏12年，资产负债率持续上升,上海普天
000760.SZSE, 新能源汽车军工等概念，上市以来频繁更换证券简称，净利润经常亏损，17年财报被出具“非标意见”，投资信托1.3亿全部亏损，银行账户部分被陈结，董监高相维离职,斯太尔
300647.SZSE, LED 及消费电子散热组件，上市首年，增收不增利，营业收入和归母净利润出现背离，上市至今,超频三
600358.SSE, 业绩很差，当代系，先是财务大洗澡，刻意制造盈利拐点。甩卖资产保证盈利，低价定增，大资产收购，卖壳离场,国旅联合
002761.SZSE, 家用纺织，上市后营收下降，利润下降，毛利下降，产品上黑榜，折腾转型，搞什么扯淡的AI家纺，合作转型对象是个骗局公司,多喜爱
300344.SZSE, 商誉占净资产60%,太空智造
000889.SZSE, 频繁资产重组，频繁更名，商誉30亿,中嘉博创
300134.SZSE, 主营持续变差,大富科技
300601.SZSE, 疫苗，呵呵，13 年就发生过疫苗事件，董事长全家移民加拿大，有行贿前科，研发资本化率明显高于同业，销售见长,康泰生物
002739.SZSE, 88 亿营收，63 亿应收账款，商誉高达百亿,万达电影
600084.SSE, 生产葡萄清，主营葡萄酒业务年年亏损，利润总额2017年近五年首亏，为五家葡萄清上市公司唯一.5损企业，重组停牌一年进军新能原结果以失败告终,中葡股份
600381.SSE, 冬虫夏草第一一股，产品单一，8成营收靠冬虫夏草，单一产品主导风险系数高，15 年刚完成借壳业绩就变脸，之后业绩持续下滑，重组方案不涉及现金补偿，产品有砷中毒风险，现在开始折腾白酒,青海春天
603727.SSE, 海洋油气开发，一上市营收利润直接大腰斩，现金流下滑严重，业绩不好归咎于油价下跌，油价上涨了业绩仍是大跌，大股东减持,博迈科
000506.SZSE, 业绩很差，没有主业，时不时炒作一下股价,中润资源
600777.SSE, 业绩很差,新潮能源
600300.SSE, 豆奶行业，2000 年上市以来多次跨行业尝试多次失败，利润不断下滑，17年扣非净利润大幅亏损,维维股份
002848.SZSE, 上市公同作为集团公司的子公司承担部分业务，集团自身业务极其复杂和多元化，且与上市公司发生诸多关联业务,高斯贝尔
603001.SSE, 奥康皮鞋，12 年上市募集资金项目投入至今未完成，上市以来 公司销量几乎停滞发展，巨额投资电商跨境电商兰亭集势，结果亏损严重，实控人股权全部质押,奥康国际
000790.SZSE, 研发投入极少，公司主打的两个品种专利保护期仅剩六七年，收购的抗癌神药价格两万八，但是持续亏损，实控人变更失联卖壳，套路凑利润,泰合健康
002568.SZSE, 原香精行业，后45收购鸡尾酒Rio,百润股份
300138.SZSE, 上市8年，经营现金流量净额均无法覆盖公司的负债，其中6年为负，公司造血能力不足，实控人发布回购公告却不实施，大股东全部质押,晨光生物
600601.SSE, 印刷电路板及宽带接入，虚构交易，连续亏损，14 年并购标的后续业绩不达标而且开始连续亏损，涉嫌虚假陈述，被巨额索赔，负债高企,方正科技
603555.SSE, 体育产业，三次收购皆不成功，现金循环周期不断拉长，存货周转率不断恶化，财务很糟糕,贵人鸟
002200.SZSE, 原绿大地，连续两年净利润亏损,云投生态
002112.SZSE, 输电设备，转型重组失败，董事长涉嫌内幕交易，连续两年净利润亏损,三变科技
300225.SZSE, 汽车及工业涂料，各种并购问题多多,金力泰
300432.SZSE, 汽车发动机精密零部件，16 年高溢价收购产生商誉15. 63亿，高应收，高质押，业绩下滑严重,富临精工
300578.SZSE, 语音会议及网络会议，溢价并购，现金流很差，股东各种减持,会畅通讯
300221.SZSE, 改性塑料行业，18 年业绩变脸巨亏，收购标的业绩不达标导致商誉减值较大，上市后业绩持续变差，频繁转型，各种蹭热点，16 年17年通过并购改善业绩，但18年又巨亏,银禧科技
300077.SZSE, 芯片，5亿理财投资打水漂，10 亿商誉,国民技术
002656.SZSE, 公司经营困难，一. 年三次资产重组均流产，13 亿募资项目前景堪忧，经营现金流比较差,摩登大道
300313.SZSE, 上市 6年主业已垮，扣非净利连亏4年，子公司财务黑洞，超4亿资金被挪用无人监管，跨界转型溢价并购，标的公司资质一般,天山生物
600069.SSE, 控股股东100%质押，扣非净利润持续亏损，经营现金流很差,银鸽投资
300215.SZSE, 高低压电器检测行业，16年起，大股东二股东各种套现，- -边定增募资，一边在减持，扣非净利润不稳定，忽上忽下,电科院
300076.SZSE, 安防行业，企业名字是老板姓名拼音首字母，大股东各种炒作股价，超高溢价收购导致重组失败，业绩变脸，大股东董监高各种减持套现，各种侵蚀上市公司利益(13年利润744万的情况下14 年580万买下老板娘的劳斯莱斯，买完后还是老板娘开),GQY视讯
300176.SZSE, 汽车发动机变速箱里的铸件，大股东频繁减持套现，牛散连庄进场高度控盘,鸿特科技
002625.SZSE, 概念火到爆，实质产品没有，前身龙生股份在并购重组中各种内幕交易，上市公司各种配合，光启系资本也参与其中,光启技术
300055.SZSE, 原工业水处理行业，上市前即安排好股权结构方便减持，上市公司一切利好都是为了配合减持，频繁公告各种利好(有实质意义的不多)，券商研报超级多，控股股东15年精准清仓式减持套现60亿,万邦达
600703.SSE, 利润大幅掺水，前五个大客户有问题，经不起查询,三安光电
600080.SSE, 酒店及医药，酒店一直亏损，05年控股股东搞过现金舞弊案，公司经营和投资都很一-般，控股股东股份全部质押,金花股份
002650.SZSE, 酱油，公司发展很差，公司内控存重大缺陷，以公司名义违法对外开具商业承兑汇票对外提供担保，控股股东高比例质押且触及平仓线，还被司法冻结，公司拟蛇吞象跨行业并购,加加食品
002575.SZSE, 上市后不好好搞主业， 天天搞转型，大股东各种减持套现，公司营收为零，问题多多,群兴玩具
002041.SZSE, 玉米种子为主要营收，产品单- -， 存在自然灾害及国家政策的风险，17 年以来国家实施衣业供给侧改革，调减玉米种植面积，取消临储指导价，违规种植2590亩转基因玉米(公司大量销售转基因玉米种子)，公司高管被拘留，目前靠巨额理财维持生存,登海种业
002524.SZSE, 建筑钢结构，一次次变更主业，扣非净利润连亏五年，大股东开始连续减持,光正集团
601311.SSE, 汽车铅酸蓄电池，主业占95%，虽专注主业，但是新能源行业更新迭代难以把控，公司近几年增收不增利，现金流逐年变差,骆驼股份
002278.SZSE, 石油化工仪器，总是在卖壳的路上，原大股东为减持八十离婚，公司几大股东混乱争夺控股权，快鹿集团也曾参与，现金流逐年变差，15年16年为负,神开股份
000036.SZSE, 上市多年没作为，两次转型后09年成为房地产开发企业，但又错失了房地产黄金十年,华联控股
000593.SZSE, 天然气业务，增收不增利，16 年亏损，18年一- 季度再次亏损，大股东股权全数质押，拟转型医药失败告终,大通燃气
600235.SSE, 公司业绩不稳，时好时坏，15 年大亏损，控股股东增持计划虎头蛇尾，蹭热点创投概念机会拉升股价趁机减持,民丰特纸
603377.SSE, 驾校第- -股，上市后业绩开始下滑，受地域影响，扩张容易受挫，另外也容易受政策影响,东方时尚
300664.SZSE, 两大股东拟清仓减持30%股份,鹏鹞环保
603080.SSE, 几大股东拟减持26%股份,新疆火炬
600175.SSE, 17年年报18年-季度报未能在规定时间内披露，转型无所不能，啥火干啥各种并购，除了收割没干过正事,美都能源
002502.SZSE, 影视传媒，各种并购，公司的快速增长主要源于外延并购带来的并表收入，套路和华谊一样，目前18亿商誉还未进行过减值,骅威文化
002357.SZSE, 汽车客运站服务，控股股东全额质押，频繁折腾收购，15 年营收开始下滑，重大交通事故子公司高管被刑拘，套路停牌半年躲避下跌，连续下跌导致控股股东开始卖壳,富临运业
000782.SZSE, 化纤企业，锦纶纺织生产销售，营收13年开始不断下滑，净利一年好一年亏，经营现金流是不是为负，控股股东高比例质押，二股东清仓式减持,美达股份
300413.SZSE, 湖南电视台，百亿整合迷雾重重，有诸多财务疑点,芒果超媒
002021.SZSE, 缝纫机，德隆系参与，08 年实控人指使侄女挪用上市公司资金导致被立案调查，14年破产重组，17年亏损，18年三季度亏损，上市以来从未专注经营主业,中捷资源
300080.SZSE, 16 年折腾并购重组失败，17 年亏损，18 年三季度亏损,易成新能
300264.SZSE, 广电行业端到端解决方案，11 年上市以来业绩平平，最近几年的利润主要靠政府补助，主营连年下滑，净利润从上市初21%下滑到1%，17年亏损，18年三季度亏损,佳创视讯
600744.SSE, 17 年亏损，18 年三季度亏损,华银电力
600313.SSE, 17 年亏损，18 年三季度亏损,农发种业
300234.SZSE, 内里面装饰材料，受经济、政府投资及节能环保等影响，15 年以来业绩开始下滑，员工持股在前，董事长减持在后，17年亏损，18 年三季度亏损,开尔新材
600698.SSE, 17 年亏损，18 年三季度亏损,湖南天雁
300399.SZSE, 移动信息服务，上市不久便搞并购重组，并购标的实为实控人控制而遭证监会立案调查，17年亏损，18 年三季度亏损,京天利
600385.SSE, 黄金珠宝等，连续15年财报非标，- -直ST,山东金泰
000633.SZSE, 德隆旧系，曾被ST，数次易主，皆为折腾，17 年亏损2400万，18年三季度亏损，年度扭亏为盈，盈利400万左右,合金投资
000610.SZSE, 17 年亏损，18 年三季度亏损，四季度通过转让子公司股权获得收益进而扭亏为做,西安旅游
002676.SZSE, 生产塑科空调风叶，12年上市以来净利润开始下滑，高送转掩护重要股东减持，大股东高比例套现6.6亿，大股东涉嫌操纵证券期货市场被刑拘遭遇8跌停，随后大股东部分股权被平仓，公司实控人变的扑朔迷离，17年亏损，18年亏损,顺威股份
600156.SSE, 17 年亏损，18 年三季度亏损，年度虽扭亏为盈，但扣非亏损仍较大,华升股份
002418.SZSE, 18 年大幅下修业绩预期，预亏11亿左右,康盛文化
600716.SSE, 江苏地产，17年亏损，18年三季度亏损，四季度扭为盈，但扣非仍亏损,凤凰股份
600302.SSE, 17年亏损， 18年三季度亏损，四季度通过卖土地给政府后扭亏为盈，但扣非仍亏损,标准股份
000897.SZSE, 17 年亏损，18 年亏损近2亿,津滨发展
600800.SSE, 17年亏损，18 年三季度亏损，四季度通过卖地给政府后抓亏为盈，但扣非仍亏损,天津磁卡
002163.SZSE, 17 年亏损，18 年三季度亏损，四季度通过处置子公司股权实现扭亏为盈,中航三鑫
000670.SZSE, 移动终端智能家居等芯片处理器，14 年借壳上市，借壳之前，原上市公司经历了暂停上市、破产电组、重组失败等一系列波折，盈方微借壳上市前净利连续三年逐年下滑，结果为了上市承诺不切实际的高业绩，14年大额定增被监管否定，14 年业绩奇差，预测与实际相差甚远结果被处罚，之后管理层诚恳道歉，然而15年年报为无法表示意见，18年实控人股份被全部冻结，17 年亏损3亿，18年亏损2亿,盈方微
002432.SZSE, 更改主业为移动医疗解决方案，换汤不换药只为蹭热点，上市前假合资骗取优惠政策，大股东-路各种减持套现十多亿，16年9亿定增项目离奇，高溢价并购没有业绩承诺，主业扣非13年至今直处于 亏损状态，上市 至今累计利润亏损8509万，经营现金流长期为负，存货占比明显高干同行，17年亏损，18年三季度亏损,九安医疗
002423.SZSE, 17年亏损，18 年亏损,中原特钢
002289.SZSE, 液晶显示屏及模具，09年上市，上市后业绩-开始不温不火，12 年开始亏损，18年14亿高溢价收购，14年15年两年亏掉14亿，15 年底中植系介入，16 年扭亏但扣非亏损3.5亿，17年亏损，18年1 月拟200亿收购，18年亏损,宇顺电子
600889.SSE, 业务受环保督察影响，17 年亏损，18年三季度亏损，四季度通过处置子公司股权及收到政府补助实现扭亏为盈，扣非仍亏损，南京化纤业务受环保督察影响，17 年亏损，18年三季度亏损，四季度通过处置子公司股权及收到政府补助实现扭亏为盈，扣非仍亏损,南京化纤
600186.SSE, 曾用名莲花味精，98年上市，主业味精，08 年以来味精行业一直处于产能过剩，莲花10年开始下滑，10年至11年扣非连亏，合计亏损高达24亿。11 年莲花占中国1/6份额，之后开始下滑，公司一直处于保壳局面中，14 年中实控人变更，河南地方国资退出(变更前提条件是不得裁员5000名员工，17 年公司薪酬支付1.2亿，其中正常人员支付2300万，剩余9600万为内部退养，停薪留职，待岗等薪酬支付)，15 年至18年折腾资本重组失败，17 年亏损1亿，18年亏损3亿，18年7月革事长辞职,莲花健康
002190.SZSE, 锂电池占比80%，主要用于新能源客车，在锂电池处于行业最气时公司却在17年亏损，18年受补贴政策影响亏损更是扩大,成飞集成
002175.SZSE, 原先是广陆數测，测量仪器制造行业，上市后业绩- - 直不温不火，13 年跨行业并购转型，进入文化传媒硬件行业，16 年维续高溢价井购进入影视传媒行业，井购类似华谊套路，17年亏损，18 年亏损,东方网络
600653.SSE, 17 年亏损近6亿，18年三季度亏损，四季度通过卖股权实现扭亏为盈，扣非亏损8亿左右,申华控股
300163.SZSE, 高分子建筑遮阳材料，17 年亏损近2800万，18年亏损扩大至2.3亿,先锋新材
000010.SZSE, A股老司机经常ST，原名深华新，95 年上市，原主业天然气设备销售，现主业为园林绿化，具有建筑施工行业的普遍特点。高存货(已完工未结算) .高应收、高负债率、现金流緊张及收入舞弊风险较高，15年底高溢价并购重组,美丽生态
600151.SSE, 17年亏损，18 年三季度亏损，四季度通过转让股权实现扭亏为盈，扣非仍大幅亏损,航天机电
000868.SZSE, 利润靠补贴，受新能源补贴政策影响较大，17年号2.3亿，18年亏8亿,安凯客车
600119.SSE, 17 年亏损，18 年亏损5亿,长江投资
000692.SZSE, 17 年亏损，18 年三季度亏损，四季度通过转让子公司股权扭亏为盈,惠天热电
600595.SSE, 17 年亏损，18 年亏近20亿,中孚实业
600396.SSE, 17 年亏损9亿。18年亏8 亿左右,金山股份
000572.SZSE, 17 年亏损10亿，18年亏 15亿左右,海马汽车
600726.SSE, 黑龙江燃煤供电企业，受煤价影响较大，17年亏11亿18年亏9亿,华电能源
000911.SZSE, 糖业存在周期特点，增产降价减产涨价，糖业缺乏品牌溢价,南宁糖业
000927.SZSE, 13 年开始扣非净利润连年号损，在此情况下16年把最赚钱的子公司-汽丰田卖给控股股东，17年亏损18年三季度亏损卖资产29亿避免ST,一汽夏利
300032.SZSE, 曾经号称创业板权重白马股，14 年及17年高溢价并购，业绩承诺有问题，涉嫌掏空上市公司，17年开始炸雷，炸雷之前账面营收及净利都不错，但扣非净利润16年开始亏损，17年亏损，18年预亏22亿，亏损超市值，大股东股份全数质押,金龙机电
002526.SZSE, 煤炭机械设备公司，下游为煤炭行业，上市后不好好经营主业，募集资金质次变更，玩转各种套路和概念，还跨界井购游戏公司，员工涉嫌侵占应收账款反映内控不行,山东矿机
300063.SZSE, 水性油垦，2010 年上市，上市后营收稳定增长，但是扣非净利润仅为零头，12年以来各种行业内外高溢价并购，形成高商誉，限售解禁-一到期大股东就进行高送转套路大减持13亿(占当时总股本16. 5%),天龙集团
002638.SZSE, 原勤上光电，高商誉，减值风险大,勤上股份
300309.SZSE, 财务造假，忽悠式重组，高商誉，减值风险大，大股东清仓式减持,吉艾科技
002528.SZSE, 安防行业，行业高速发展，公司却越来越差，10年底上市，11 年业绩大幅下滑，12 年开始亏损，11 年以来多次井购形成高商誉，并购标的全是歪瓜裂枣，大股东各种减持，17 年初对16年业绩由盈利下修为大幅亏损,英飞拓
002467.SZSE, 高商誉，减值风险大,二六三
600188.SSE, 高商誉，减值风险大,兖州煤业
300128.SZSE, 高商誉，减值风险大，股东大比例质押，15 年股灾明间随意停牌,锦富技术
002225.SZSE, 工业高温领域耐火材料，行业存在产能过剩、无序竞争、回款困难等不利特征，16年亏损，高商誉，时不时进行减值,濮耐股份
002460.SZSE, 高商誉，减值风险大,赣锋锂业
002577.SZSE, 生产键盘鼠标等，13年底并购，股价飞涨后14年中大股东减持套现，且没有及时披露，14 年底再次并购，15 年夸大商誉减值亏个底朝天，16 年确认不存在的营业外收入实现业绩暴增，高商誉，公司乱搞，减值风险大,雷柏科技
300142.SZSE, 疫苗行业，长生前车之鉴，并购多商誉高，减值风险大,沃森生物
300020.SZSE, 重组老司机，业绩承诺纯属忽悠，赔偿责任人集体赖账，大股东高比例质押股票，高商誉，减值风险大,银江股份
000687.SZSE, 商誉占净资产60%以上.减值风险大,华讯方舟
000831.SZSE, 高商誉，减值风险大,五矿稀土
600881.SSE, 高商誉，减值风险大,亚泰集团
600694.SSE, 传统商超，高商誉，减值风险大,大商股份
300058.SZSE, A股并购-哥，商誉47亿，减值风险大,蓝色光标
300184.SZSE, 商誉23亿，占净资产59%,力源信息
000150.SZSE, 商誉21亿，占净资产605%以上,宜华健康
300465.SZSE, 商誉9亿，占净资产60%以上,高伟达
300478.SZSE, 商誉占净资产60%以上,杭州高新
002279.SZSE, 商誉16亿，占净资产60%以上,久其软件
300149.SZSE, 商誉16亿，占净资产60%以上,量子生物
300280.SZSE, 商誉9.8亿，占净资产60%以上,紫天科技
300010.SZSE, 商誉41亿，占净资产60%以上，18年亏损12亿,立思辰
300318.SZSE, 商誉8亿，占净资产60%以上，不合理高送转掩护重要股东减持,博晖创新
300343.SZSE, 商誉32亿，占净资产60%以上，不合理高送转掩护重要股东减持，18 年预号17亿,联创互联
300467.SZSE, 商誉22亿，占净资产60%以上,迅游科技
300326.SZSE, 商誉15亿。占净资产60%以上,凯利泰
300192.SZSE, 商誉占净资产60%以上,科斯伍德
300089.SZSE, 商誉16亿，占净资产60%以E,文化长城
300061.SZSE, 商誉23亿，占净资产60%以b,康旗股份
300359.SZSE, 商誉14亿，占净资产605%以上，不合理高送转掩护重要股东减持，瞎并购涉嫌利益输送,全通教育
300242.SZSE, 前身是明家联合，商誉15亿，占净资产60%以上，不合理高送转掩护重要股东减持,佳云科技
600892.SSE, 商誉13亿，占净资产60%以上,大晟文化
300338.SZSE, 商誉14亿，占净资产60%以b，,开元股份
002168.SZSE, 城乡配电相关产品，14年至今营收不断F滑，净利开始亏损，商誉12亿，占净资产60%以E,深圳惠程
600986.SSE, 商誉40亿，占净资产60%以E,科达股份
300051.SZSE, 商誉6亿，占净资产60%以上,三五互联
300311.SZSE, 商誉8.5亿，古净资产60%以上,任子行
300038.SZSE, 商誉63亿，占净资产60%以上,数知科技
002247.SZSE, 前身帝龙文化，商誉32亿，占净资产60%以上.不合理高送转掩护重要股东减持，18年大幅下修业绩预期，预盈4亿变亏损20亿,聚力文化
300315.SZSE, 商誉54亿，占净资产60%以上,掌趣科技
300350.SZSE, 商誉10亿，占净资产60%以上,华鹏飞
002261.SZSE, 商誉21亿，占净资产60%以上，18 年预计亏损10亿，主要系商誉大额减值影响，不合理高送转掩护重要股东减持,拓维信息
603366.SSE, 太阳能热水器，公司有较大商誉且存在减值风险，募投项目几经波折，面目全非，上市以来未曾对其固定资产进行过减值，17 年扣非净利润为负。高溢价收购帅康电气，业绩远达不到承诺要求,日出东方
002103.SZSE, 公司收购灵云传媒，产生了较大商誉，存在减值风险,广博股份
300410.SZSE, 公司商誉10亿，占总资产33%，存在商誉减值风险,正业科技
300018.SZSE, 公司收购世轩科技形成裔誉4. 6亿，但世轩科技业绩不达标，不合理高送转掩护重要股东减持，18 年预号4亿,中元股份
300279.SZSE, 收购的标的公司业绩下滑存在商誉减值风险,和晶科技
002077.SZSE, 收购的标的存在商脊减值风险,大港股份
002654.SZSE, 部分子公司存在大额商誉减值风险,万润科技
002513.SZSE, 商誉8亿，目前业绩不达标，存在减值风险,蓝丰生化
002581.SZSE, 18 年计提1.83亿商誉,未名医药
002609.SZSE, 停车及门禁，财务存疑上市首亏导致闪崩，季度营收及毛利率波动异常，应收预售款反向变动，存货周转率及发出商品异常变动，智慧停车竞争对手小猫索蜂比较强,捷顺科技
603286.SSE, 汽车零部件，小非限售解禁后立马清仓式减持，IPO 募集资金的项目原来本身产能利用率就不足，为了上市而上市(套现? )，后续股东广告减持12%,日盈电子
603667.SSE, 汽车轴承产品，营收及净利貌似增长，但实际上净利润现金含量却在上市后的两年里逐年下降，上市第二年开始外延井购,五洲新春
300665.SZSE, 轨道交通防腐防水涂料，为中车服务，上市仅-年， 七股东齐套现，15 年17年经营现金流为负,飞鹿股份
300452.SZSE, 药用辅料生产，行业门槛低，竞争对手多，下游药企话语权大，董监高大幅减持,山河药辅
002199.SZSE, 石英晶体元器件，12 年以来扣非净利润连续6年亏损，为灯保壳各种卖资,东晶电子
002451.SZSE, 特种电力电缆，主业利润连续下滑，16年17年亏损，闪电成立的摩恩投资17年盈利达5600万，引来交易所关注后公司选择置之不理，大股东巨额套现,摩恩电气
300384.SZSE, 锦纶聚合及纺丝整体技术，上市后营收开始下滑，控股股东高比例质押，业绩一般却高送转，涉嫌炒作股价,三联虹普
600749.SSE, 上市 22年，经营困难，经常亏损,西藏旅游
002612.SZSE, 女装行业，大股东高比例质押，15年股灾期间随意停牌，不合理高送转掩护实控人减持,朗姿股份
002094.SZSE, 化妆品、蜡烛及工艺制品，毛利率逐渐下滑，15年后收购多家化妆品公司近13亿商誉，目前化妆品占较大营收，经营活动现金流逐年变差，18 年为负值，大股东全部质押，15年股灾明间随意停牌,青岛金王
603766.SSE, 大股东全部质押，15 年股灾阴间随意停牌,隆鑫通用
000588.SZSE, 主业和体育无关，石化轻纺贸易业务占比90%，毛利率- 路下滑，扣非净利润不稳定，客户和供应商错综复杂，大股东全部质押，15 年股灾期间随意停牌,莱茵体育
